Monroe Kertzmann,d4208bef-3812-470b-b2d0-828e95edfc2b,luigi.zulauf@gmail.com,joesph.ohara
Clement Beier,7f3e37fb-7a2d-4e1b-9127-0334769ccb07,elliott.farrell@hotmail.com,chung.smitham
Ora McKenzie,64805751-735a-429a-8397-1b59b62d7171,chuck.schroeder@yahoo.com,alberto.fisher
Kate Hoeger,a31ff0a9-c520-4b7b-8f1d-f97ccbecb5b4,lloyd.friesen@yahoo.com,lenny.stiedemann
Briana Dooley,513c8e3e-7bed-446e-a132-e6bc95f12bdc,claretha.goodwin@yahoo.com,arletta.kub
Masako West,a0481ac5-2480-401f-b0f7-2dc2b6290c67,edmund.jenkins@gmail.com,isis.brown
Ezequiel Hagenes Sr.,6284d9a1-b843-45df-897b-2eeec5e8e6f2,irving.vonrueden@gmail.com,beau.hackett
Travis Schuster,0b0f95d3-6fee-4277-ab53-fbf60beea3fe,lannie.hettinger@yahoo.com,gail.armstrong
Ela Connelly,8c749666-4ab8-4de0-927d-8c4f1aaee056,yen.mante@hotmail.com,damian.schiller
Dr. Alexis Wolff,19f73f75-4651-4812-9bbc-a0dff4566022,rozanne.kihn@hotmail.com,zola.goyette
Dominic Murray,fd518783-c40b-468c-a1ae-29b874d3a35e,bryon.glover@gmail.com,olin.veum
